Game,Game Moddée,Loups,Traître,Idiot du village,Cannibale,Agent,Espion,Scientifique,Amoureux,La Bête,Chasseur de primes,Vaudou,,,
1,FALSE,"LittleBigWhale, Xari",,,,,,,,,,,,,
2,FALSE,"Ultia, Crocodyle",,,,,,,,,,,,,
3,FALSE,"Ultia, Onutrem",,,,,,,,,,,,,
4,FALSE,"Ultia, HortyUnderscore",,,,,,,,,,,,,
5,FALSE,"Sakor, Crocodyle",,,,,,,,,,,,,
6,FALSE,"Ponce, LittleBigWhale",,,,,,,,,,,,,
7,FALSE,"Crocodyle, Ultia",,,,,,,,,,,,,
8,FALSE,"LittleBigWhale, Onutrem",,,,,,,,,,,,,
9,FALSE,"LittleBigWhale, Ultia",,,,,,,,,,,,,
10,FALSE,"Xari, Gom4rt",,,,,,,,,,,,,
11,FALSE,"GoB, Tsuna",,,,,,,,,,,,,
12,FALSE,"GoB, Nahomay",,,,,,,,,,,,,
13,FALSE,"Bytell, Naka",,,,,,,,,,,,,
14,FALSE,"GoB, Tsuna",,,,,,,,,,,,,
15,FALSE,"Tsuna, Wingo",,,,,,,,,,,,,
16,FALSE,"Lutti, Wingo",,,,,,,,,,,,,
17,FALSE,"Tsuna, BoccA",,,,,,,,,,,,,
18,FALSE,"BoccA, Onutrem",,,,,,,,,,,,,
19,FALSE,"Lutti, Wingo",,,,,,,,,,,,,
20,FALSE,"Bytell, Naka",,,,,,,,,,,,,
21,FALSE,"Wingo, BoccA",,,,,,,,,,,,,
22,FALSE,"Tsuna, BoccA",,,,,,,,,,,,,
23,FALSE,"Ponce, BoccA",,,,,,,,,,,,,
24,FALSE,"Wingo, Onutrem",,,,,,,,,,,,,
25,FALSE,"Naka, Bytell",,,,,,,,,,,,,
26,FALSE,"Khalen, Bytell",,,,,,,,,,,,,
27,FALSE,"Tsuna, Lutti",,,,,,,,,,,,,
28,FALSE,"Khalen, Covfefe",,,,,,,,,,,,,
29,FALSE,"Wingo, Bytell",,,,,,,,,,,,,
30,FALSE,"Lutti, Covfefe",,,,,,,,,,,,,
31,FALSE,"Naka, Bytell",,,,,,,,,,,,,
32,FALSE,"Lutti, Onutrem",,,,,,,,,,,,,
33,FALSE,"Naka, Covfefe",,,,,,,,,,,,,
34,FALSE,"Naka, Khalen",,,,,,,,,,,,,
35,FALSE,"Lutti, Bytell",,,,,,,,,,,,,
36,FALSE,"Ponce, Wingo",,,,,,,,,,,,,
37,FALSE,"Ponce, Naka",,,,,,,,,,,,,
38,FALSE,"Covfefe, Onutrem",,,,,,,,,,,,,
39,FALSE,"Khalen, Tsuna",,,,,,,,,,,,,
40,FALSE,"Khalen, Lutti",,,,,,,,,,,,,
41,FALSE,"Tsuna, Onutrem",,,,,,,,,,,,,
42,FALSE,"LyeGaia, Wingo",,,,,,,,,,,,,
43,FALSE,"Lutti, Anaee",,,,,,,,,,,,,
44,FALSE,"Lutti, LyeGaia",,,,,,,,,,,,,
45,FALSE,"Ponce, Lutti",,,,,,,,,,,,,
46,FALSE,"Lutti, Onutrem",,,,,,,,,,,,,
47,FALSE,"Nahomay, LyeGaia",,,,,,,,,,,,,
48,FALSE,"Nahomay, Bytell",,,,,,,,,,,,,
49,FALSE,"Lutti, Nahomay",,,,,,,,,,,,,
50,FALSE,"Khalen, Wingo",,,,,,,,,,,,,
51,FALSE,"Khalen, Lutti",,,,,,,,,,,,,
52,FALSE,"Khalen, Anaee",,,,,,,,,,,,,
53,FALSE,"Bytell, Lutti",,,,,,,,,,,,,
54,FALSE,"Bytell, Nahomay",,,,,,,,,,,,,
55,FALSE,"Bytell, Onutrem",,,,,,,,,,,,,
56,FALSE,"Ponce, Naka",,,,,,,,,,,,,
57,FALSE,"Ponce, Anaee",,,,,,,,,,,,,
58,FALSE,"Bytell, Onutrem",,,,,,,,,,,,,
59,FALSE,"Nahomay, Bytell",,,,,,,,,,,,,
60,FALSE,"Khalen, Nahomay",,,,,,,,,,,,,
61,FALSE,"Bytell, Anaee",,,,,,,,,,,,,
62,FALSE,"Bytell, Onutrem",,,,,,,,,,,,,
63,FALSE,"Khalen, Anaee",,,,,,,,,,,,,
64,FALSE,"Anaee, Onutrem",,,,,,,,,,,,,
65,FALSE,"Khalen, Tsuna",,,,,,,,,,,,,
66,FALSE,"LyeGaia, Wingo",,,,,,,,,,,,,
67,FALSE,"Nahomay, LyeGaia",,,,,,,,,,,,,
68,FALSE,"Khalen, LyeGaia",,,,,,,,,,,,,
69,FALSE,"Khalen, Tsuna",,,,,,,,,,,,,
70,FALSE,"Ponce, Onutrem",,,,,,,,,,,,,
71,FALSE,"Nahomay, Onutrem",,,,,,,,,,,,,
72,FALSE,"Nahomay, Wingo",,,,,,,,,,,,,
73,FALSE,"Khalen, Anaee",,,,,,,,,,,,,
74,FALSE,"Khalen, Anaee",,,,,,,,,,,,,
75,FALSE,"Bytell, Kao",,,,,,,,,,,,,
76,FALSE,"Kao, Maechi",,,,,,,,,,,,,
77,FALSE,"Lutti, Anaee",,,,,,,,,,,,,
78,FALSE,"Maechi, Tsuna",,,,,,,,,,,,,
79,FALSE,"Khalen, Lutti",,,,,,,,,,,,,
80,FALSE,"Khalen, Kao",,,,,,,,,,,,,
81,FALSE,"Lutti, Kao",,,,,,,,,,,,,
82,FALSE,"Nahomay, Anaee",,,,,,,,,,,,,
83,FALSE,"Ponce, Naka",,,,,,,,,,,,,
84,FALSE,"Khalen, Bytell",,,,,,,,,,,,,
85,FALSE,"Lutti, Kao",,,,,,,,,,,,,
86,FALSE,"Naka, Kao",,,,,,,,,,,,,
87,FALSE,"Lutti, Tsuna",,,,,,,,,,,,,
88,FALSE,"Khalen, Nahomay",,,,,,,,,,,,,
89,FALSE,"Ponce, Wingo",,,,,,,,,,,,,
90,FALSE,"Lutti, Nahomay",,,,,,,,,,,,,
91,FALSE,"Bytell, Wingo",,,,,,,,,,,,,
92,FALSE,"Ponce, Bytell",,,,,,,,,,,,,
93,FALSE,"Nahomay, Tsuna",,,,,,,,,,,,,
94,FALSE,"Nahomay, Tsuna",,,,,,,,,,,,,
95,FALSE,"Ponce, Bytell",,,,,,,,,,,,,
96,FALSE,"Ponce, Onutrem",,,,,,,,,,,,,
97,FALSE,"Nahomay, Wingo",,,,,,,,,,,,,
98,FALSE,"Flonflon, Tsuna",,,,,,,,,,,,,
99,FALSE,"Lutti, Wingo",,,,,,,,,,,,,
100,FALSE,"Anaee, Nahomay",,,,,,,,,,,,,
101,FALSE,"Khalen, Lutti",,,,,,,,,,,,,
102,FALSE,"Khalen, Lutti",,,,,,,,,,,,,
103,FALSE,"Khalen, Onutrem",,,,,,,,,,,,,
104,FALSE,"Bytell, Wingo",,,,,,,,,,,,,
105,FALSE,"Nahomay, Khalen",,,,,,,,,,,,,
106,FALSE,"Anaee, Wingo",,,,,,,,,,,,,
107,FALSE,"Tsuna, Heimdalle",,,,,,,,,,,,,
108,FALSE,"Bytell, Khalen",,,,,,,,,,,,,
109,FALSE,"Bytell, Heimdalle",,,,,,,,,,,,,
110,FALSE,"Bytell, Tsuna",,,,,,,,,,,,,
111,FALSE,"Tsuna, Onutrem",,,,,,,,,,,,,
112,FALSE,"Lutti, Wingo",,,,,,,,,,,,,
113,FALSE,"Anaee, Wingo",,,,,,,,,,,,,
114,FALSE,"Nahomay, Anaee",,,,,,,,,,,,,
115,FALSE,"TPK, Anaee",,,,,,,,,,,,,
116,FALSE,"LyeGaia, Bytell",,,,,,,,,,,,,
117,FALSE,"Lutti, Tsuna",,,,,,,,,,,,,
118,FALSE,"TPK, Tsuna",,,,,,,,,,,,,
119,FALSE,"TPK, Anaee",,,,,,,,,,,,,
120,FALSE,"LyeGaia, Lutti",,,,,,,,,,,,,
121,FALSE,"Tsuna, Anaee",,,,,,,,,,,,,
122,FALSE,"Nahomay, Anaee",,,,,,,,,,,,,
123,FALSE,"Ponce, LyeGaia",,,,,,,,,,,,,
124,FALSE,"Sakor, Anaee",,,,,,,,,,,,,
125,FALSE,"Lutti, Tsuna",,,,,,,,,,,,,
126,FALSE,"Lutti, Bytell",,,,,,,,,,,,,
127,FALSE,"Lutti, TPK",,,,,,,,,,,,,
128,FALSE,"Ponce, Fukano",,,,,,,,,,,,,
129,FALSE,"Bytell, Koka",,,,,,,,,,,,,
130,FALSE,"Ponce, Lutti",,,,,,,,,,,,,
131,FALSE,"Ponce, Bytell",,,,,,,,,,,,,
132,FALSE,"Tsuna, Lutti",,,,,,,,,,,,,
133,FALSE,"Ponce, Nahomay",,,,,,,,,,,,,
134,FALSE,"Nahomay, Bytell",,,,,,,,,,,,,
135,FALSE,"Nahomay, Bytell",,,,,,,,,,,,,
136,FALSE,"Lutti, Fukano",,,,,,,,,,,,,
137,FALSE,"Nahomay, Kao",,,,,,,,,,,,,
138,FALSE,"Kao, Lutti",,,,,,,,,,,,,
139,FALSE,"Flonflon, Tsuna",,,,,,,,,,,,,
140,FALSE,"Ponce, Koka",,,,,,,,,,,,,
141,FALSE,"Lutti, Kao",,,,,,,,,,,,,
142,FALSE,"Ponce, Anaee",,,,,,,,,,,,,
143,FALSE,"Ponce, Kao",,,,,,,,,,,,,
144,FALSE,"Ponce, Koka",,,,,,,,,,,,,
145,FALSE,"Kao, Arkantors",,,,,,,,,,,,,
146,FALSE,"Wingo, Kao",,,,,,,,,,,,,
147,FALSE,"Lutti, Kao",,,,,,,,,,,,,
148,FALSE,"Kao, Flonflon",,,,,,,,,,,,,
149,FALSE,"Flonflon, Wingo",,,,,,,,,,,,,
150,FALSE,"Kao, Tsuna",,,,,,,,,,,,,
151,FALSE,"Flonflon, Tsuna",,,,,,,,,,,,,
152,FALSE,"Lutti, Tsuna",,,,,,,,,,,,,
153,FALSE,"Bytell, Fukano",,,,,,,,,,,,,
154,FALSE,"Bytell, Koka",,,,,,,,,,,,,
155,FALSE,"Koka, Tsuna",,,,,,,,,,,,,
156,FALSE,"Ponce, Koka",,,,,,,,,,,,,
157,FALSE,"Bytell, Fukano",,,,,,,,,,,,,
158,FALSE,"Flonflon, Koka",,,,,,,,,,,,,
159,FALSE,"Lutti, Koka",,,,,,,,,,,,,
160,FALSE,"Flonflon, Lutti",,,,,,,,,,,,,
161,FALSE,"Ponce, Fukano",,,,,,,,,,,,,
162,FALSE,"Fukano, Tsuna",,,,,,,,,,,,,
163,FALSE,"Koka, Lydiaam",,,,,,,,,,,,,
164,FALSE,"Ponce, Bytell",,,,,,,,,,,,,
165,FALSE,"Fukano, Tsuna",,,,,,,,,,,,,
166,FALSE,"Lutti, Bytell",,,,,,,,,,,,,
167,FALSE,"Ponce, Arkantors",,,,,,,,,,,,,
168,FALSE,"Wingo, Fukano",,,,,,,,,,,,,
169,FALSE,"Lydiaam, Fukano",,,,,,,,,,,,,
170,FALSE,"Wingo, Arkantors",,,,,,,,,,,,,
171,FALSE,"Arkantors, Lydiaam",,,,,,,,,,,,,
172,FALSE,"Fukano, Lutti",,,,,,,,,,,,,
173,FALSE,"Ponce, Kao",,,,,,,,,,,,,
174,FALSE,"Ponce, Lutti",,,,,,,,,,,,,
175,FALSE,"Khalen, Kao",,,,,,,,,,,,,
176,FALSE,"Khalen, Fukano",,,,,,,,,,,,,
177,FALSE,"Arkantors, Clem_mlrt",,,,,,,,,,,,,
178,FALSE,"Mimosa_etoilee, Kao",,,,,,,,,,,,,
179,FALSE,"Bytell, Kao",,,,,,,,,,,,,
180,FALSE,"Clem_mlrt, JimmyBoyyy",,,,,,,,,,,,,
181,FALSE,"Ponce, Clem_mlrt",,,,,,,,,,,,,
182,FALSE,"Mimosa_etoilee, Clem_mlrt",,,,,,,,,,,,,
183,FALSE,"Ponce, JimmyBoyyy",,,,,,,,,,,,,
184,FALSE,"Arkantors, JimmyBoyyy",,,,,,,,,,,,,
185,FALSE,"Ponce, Flonflon",,,,,,,,,,,,,
186,FALSE,"Lydiaam, Onutrem",,,,,,,,,,,,,
187,FALSE,"Wingo, Onutrem",,,,,,,,,,,,,
188,FALSE,"Ponce, Onutrem",,,,,,,,,,,,,
189,FALSE,"Tsuna, Onutrem",,,,,,,,,,,,,
190,FALSE,"Ponce, Flonflon",,,,,,,,,,,,,
191,FALSE,"Flonflon, Fukano",,,,,,,,,,,,,
192,FALSE,"Wingo, Bytell",,,,,,,,,,,,,
193,FALSE,"Lydiaam, Flonflon",,,,,,,,,,,,,
194,FALSE,"Ponce, Flonflon",,,,,,,,,,,,,
195,FALSE,"Ponce, Khalen",,,,,,,,,,,,,
196,FALSE,"Ponce, Flonflon",,,,,,,,,,,,,
197,FALSE,"Ponce, Lutti",,,,,,,,,,,,,
198,FALSE,"Flonflon, Khalen",,,,,,,,,,,,,
199,FALSE,"Ponce, Kao",,,,,,,,,,,,,
200,FALSE,"Lutti, Tsuna",,,,,,,,,,,,,
201,FALSE,"Arkantors, Tsuna",,,,,,,,,,,,,
202,FALSE,"Arkantors, Kao",,,,,,,,,,,,,
203,FALSE,"Brybry, Khalen",,,,,,,,,,,,,
204,FALSE,"Lutti, Brybry",,,,,,,,,,,,,
205,FALSE,"Ponce, Arkantors",,,,,,,,,,,,,
206,FALSE,"Lutti, Arkantors",,,,,,,,,,,,,
207,FALSE,"Leaprima, Kao",,,,,,,,,,,,,
208,FALSE,"Khalen, Tsuna",,,,,,,,,,,,,
209,FALSE,"Anaee, Flonflon",,,,,,,,,,,,,
210,FALSE,"Bytell, Fukano",,,,,,,,,,,,,
211,FALSE,"Tsuna, Bytell",,,,,,,,,,,,,
212,FALSE,"Leaprima, Tsuna",,,,,,,,,,,,,
213,FALSE,"Khalen, Anaee",,,,,,,,,,,,,
214,FALSE,"Leaprima, Lutti",,,,,,,,,,,,,
215,FALSE,"Anaee, Leaprima",,,,,,,,,,,,,
216,FALSE,"Fukano, Tsuna",,,,,,,,,,,,,
217,FALSE,"Bytell, Lutti",,,,,,,,,,,,,
218,FALSE,"Tsuna, Bytell",,,,,,,,,,,,,
219,FALSE,"Anaee, Flonflon",,,,,,,,,,,,,
220,FALSE,"Leaprima, Tsuna",,,,,,,,,,,,,
221,FALSE,"Flonflon, Leaprima",,,,,,,,,,,,,
222,FALSE,"Flonflon, Lutti",,,,,,,,,,,,,
223,FALSE,"Flonflon, Lutti",,,,,,,,,,,,,
224,FALSE,"Khalen, Lutti",,,,,,,,,,,,,
225,FALSE,"Fukano, Lutti",,,,,,,,,,,,,
226,FALSE,"Fukano, Lutti",,,,,,,,,,,,,
227,FALSE,"Ponce, Tsuna",,,,,,,,,,,,,
228,FALSE,"Fukano, Kyria",,,,,,,,,,,,,
229,FALSE,"Monodie, Kyria",,,,,,,,,,,,,
230,FALSE,"Flonflon, Tsuna",,,,,,,,,,,,,
231,FALSE,"Flonflon, Lutti",,,,,,,,,,,,,
232,FALSE,"Khalen, Monodie",,,,,,,,,,,,,
233,FALSE,"Ponce, Arkantors",,,,,,,,,,,,,
234,FALSE,"Khalen, Brybry",,,,,,,,,,,,,
235,FALSE,"Lutti, Kyria",,,,,,,,,,,,,
236,FALSE,"Ponce, Berlu",,,,,,,,,,,,,
237,FALSE,"Ponce, AvaMind",,,,,,,,,,,,,
238,FALSE,"Gom4rt, GoB",,,,,,,,,,,,,
239,FALSE,"Berlu, Sakor",,,,,,,,,,,,,
240,FALSE,"Ponce, Sakor",,,,,,,,,,,,,
241,FALSE,"Berlu, AvaMind",,,,,,,,,,,,,
242,FALSE,"Onutrem, Gom4rt",,,,,,,,,,,,,
243,FALSE,"Onutrem, Sakor",,,,,,,,,,,,,
244,FALSE,"AvaMind, LyeGaia",,,,,,,,,,,,,
245,FALSE,"Antoine, Etoiles",,,,,,,,,,,,,
246,FALSE,"LyeGaia, Etoiles",,,,,,,,,,,,,
247,FALSE,"Sakor, Onutrem",,,,,,,,,,,,,
248,FALSE,"Monodie, Anaee",,,,,,,,,,,,,
249,FALSE,"Ponce, Lutti",,,,,,,,,,,,,
250,FALSE,"Flonflon, Monodie",,,,,,,,,,,,,
251,FALSE,"Kao, Arkantors",,,,,,,,,,,,,
252,FALSE,"Ponce, Koka",,,,,,,,,,,,,
253,FALSE,"Nahomay, Lutti",,,,,,,,,,,,,
254,FALSE,"Kao, Fukano",,,,,,,,,,,,,
255,FALSE,"Koka, Arkantors",,,,,,,,,,,,,
256,FALSE,"Arkantors, Fukano",,,,,,,,,,,,,
257,FALSE,"Nahomay, Kyria",,,,,,,,,,,,,
258,FALSE,"Flonflon, Fukano",,,,,,,,,,,,,
259,FALSE,"Flonflon, Nahomay",,,,,,,,,,,,,
260,FALSE,"Wingo, Lutti",,,,,,,,,,,,,
261,FALSE,"Kyria, Monodie",,,,,,,,,,,,,
262,FALSE,"Ponce, Fukano",,,,,,,,,,,,,
263,FALSE,"Fukano, Wingo",,,,,,,,,,,,,
264,FALSE,"Bytell, Nahomay",,,,,,,,,,,,,
265,FALSE,"Koka, Kyria",,,,,,,,,,,,,
266,FALSE,"Ponce, Kyria",,,,,,,,,,,,,
267,FALSE,"Ponce, Nahomay",,,,,,,,,,,,,
268,FALSE,"Kyria, Monodie",,,,,,,,,,,,,
269,FALSE,"Lutti, Arkantors",,,,,,,,,,,,,
270,FALSE,"Kao, Bytell",,,,,,,,,,,,,
271,FALSE,"Arkantors, Fukano",,,,,,,,,,,,,
272,FALSE,"Fukano, Flonflon",,,,,,,,,,,,,
273,FALSE,"Fukano, Leaprima",,,,,,,,,,,,,
274,FALSE,"Ponce, Fukano",,,,,,,,,,,,,
275,FALSE,"Ponce, Arkantors",,,,,,,,,,,,,
276,FALSE,"Leaprima, Khalen",,,,,,,,,,,,,
277,FALSE,"Monodie, Arkantors",,,,,,,,,,,,,
278,TRUE,Fukano,,Bytell,,,,,,,,,,,
279,TRUE,Fukano,,Bytell,,,,,,,,,,,
280,TRUE,"Ponce, Kao",,,,,,,,,,,,,
281,TRUE,"Kao, Fukano",,,,,,,,,,,,,
282,TRUE,"Kao, Fukano",,,,,,,,,,,,,
283,TRUE,"Kyria, Fukano",,,,,,,,,,,,,
284,TRUE,"Ponce, Arkantors",,,,,,,,,,,,,
285,TRUE,"Monodie, Kao",,,,,,,,,,,,,
286,TRUE,"Kao, Brybry",,,,,,,,,,,,,
287,TRUE,"Ponce, Bytell",,,,,,,,,,,,,
288,TRUE,"Arkantors, Kyria",,,,,,,,,,,,,
289,TRUE,Kao,Ponce,Khalen,,,,,,,,,,,
290,TRUE,Bytell,Kao,Brybry,,,,,,,,,,,
291,TRUE,Fukano,Arkantors,Brybry,,,,,,,,,,,
292,TRUE,"Bytell, Tsuna",,Lutti,,,,,,,,,,,
293,TRUE,Kyria,,Craco,,,,,"Bytell, Ponce",,,,,,
294,TRUE,"Craco, Bytell",,BoccA,,,,,"Baout, Lutti",,,,,,
295,TRUE,"Miraaaaaah, Monodie",,ClydeCreator,,,,,"Arkantors, BoccA",,,,,,
296,TRUE,"Baout, Monodie",,ClydeCreator,,,,,"Noamouille, Tsuna",,,,,,
297,TRUE,"Monodie, Ketchopi",,Kyria,,,,,"Bytell, Craco",,,,,,
298,TRUE,"Bytell, Kyria",,Ponce,,,,,"Arkantors, Koka",,,,,,
299,TRUE,"Arkantors, Kao",,Lutti,,,,,"Monodie, Tsuna",,,,,,
300,TRUE,"Ponce, Kao",,Tsuna,,,,,"Lutti, Flonflon",,,,,Fukano devenu LOUP avec la réanimation par nécromancien,
301,TRUE,"Kyria, Koka",,Ponce,,,,,"Anaee, Tsuna",,,,,,
302,TRUE,"Arkantors, Anaee",,Kao,,,,,"Khalen, Monodie",,,,,,
303,TRUE,"ClydeCreator, Kyria",,Miraaaaaah,,,,,"Kao, Flonflon",,,,,,
304,TRUE,"Khalen, Monodie",,Miraaaaaah,,,,,"Ponce, Koka",,,,,,
305,TRUE,"Arkantors, Lutti",,Tsuna,,,,,"Bytell, Miraaaaaah",,,,,,
306,TRUE,"Anaee, Tsuna",Lutti,Ponce,,,,,,,,,,,
307,TRUE,"Ponce, Fukano",Miraaaaaah,Tsuna,,,,,,,,,,,
308,TRUE,"Kyria, Lutti",Miraaaaaah,Koka,,,,,,,,,,,
309,TRUE,"Anaee, Koka",Arkantors,Kao,,,,,,,,,,,
310,TRUE,"Miraaaaaah, ClydeCreator",,Bytell,,,,,,,,,,,
311,TRUE,"Monodie, Drakony",,Heimdalle,,,,,,,,,,,
312,TRUE,"Baout, Arkantors",,Lydiaam,,,,,,,,,,,
313,TRUE,"Monodie, Drakony",,Bytell,,,,,,,,,,ClydeCreator devenu LOUP avec la réanimation par nécromancien,
314,TRUE,"Khalen, Drakony",,Lydiaam,,,,,,,,,,,
315,TRUE,"Ponce, Monodie",,Arkantors,,,,,,,,,,,
316,TRUE,"Miraaaaaah, Khalen",,Arkantors,,,,,,,,,,,
317,TRUE,"Ponce, Lydiaam",,Monodie,,,,,,,,,,,
318,TRUE,"Heimdalle, Lydiaam",,Khalen,,,,,,,,,,,
319,TRUE,"Bytell, Kao",,Ponce,,,,,,,,,,Arkantors devenu LOUP avec la réanimation par nécromancien,
320,TRUE,"Khalen, Lutti",,Ponce,,,,,"Kao, Anaee",,,,,,
321,TRUE,"Kao, Tsuna",,Anaee,,,,,"Arkantors, Drakony",,,,,,
322,TRUE,"Khalen, Anaee",Baout,Drakony,,,,,,,,,,Arkantors devenu LOUP avec la réanimation par nécromancien,
323,TRUE,"Arkantors, ClydeCreator",Tone,Miraaaaaah,,,,,,,,,,,
324,TRUE,"Kao, Lutti",Khalen,Ponce,,,,,,,,,,,
325,TRUE,"Kao, Arkantors",Baout,Bytell,,,,,,,,,,,
326,TRUE,"Ponce, Bytell",Tsuna,Anaee,,,,,,,,,,,
327,TRUE,"Monodie, Miraaaaaah",Tone,Bytell,,,,,,,,,,,
328,TRUE,"Ponce, Baout",Tone,Tsuna,,,,,,,,,,,
329,TRUE,"Kao, Baout",,Drakony,,,,,,,,,,,
330,TRUE,"Tsuna, Flonflon, Baout",,Koka,,,,,,,,,,,
331,TRUE,"Ponce, Miraaaaaah",,Mathy,,,,,"BoccA, Baout",,,,,,
332,TRUE,"ClydeCreator, Craco",,Tsuna,,,,,"Khalen, Heimdalle",,,,,,
333,TRUE,"Khalen, Koka",,Monodie,,,,,"Bytell, BoccA",,,,,,
334,TRUE,"Bytell, Miraaaaaah",,Baout,,,,,"Khalen, Koka",,,,,,
335,TRUE,"Monodie, Flonflon",,Baout,,,,,"ClydeCreator, Koka",,,,,,
336,TRUE,"Baout, Koka",,Ponce,,,,,"ClydeCreator, BoccA",,,,,,
337,TRUE,"Khalen, Tsuna",,Baout,,,,,"Bytell, Mathy",,,,,,
338,TRUE,"Khalen, Miraaaaaah",,Bytell,,,,,"Monodie, BoccA",,,,,,
339,TRUE,"Flonflon, Baout",,Tsuna,,,,,"Khalen, ClydeCreator",,,,,,
340,TRUE,"Khalen, Baout",,Lutti,,,,,"ClydeCreator, Mathy",,,,,,
341,TRUE,"Arkantors, BoccA",,Anaee,,,,,"Monodie, Miraaaaaah",,,,,,
342,TRUE,"Mathy, Flonflon",,Tsuna,,,,,"Ponce, Baout",,,,,,
343,TRUE,"Miraaaaaah, Craco",,Poachimpa,,,,,"Ponce, Khalen",,,,,,
344,TRUE,"Monodie, Mathy",,Khalen,,,,,"Ponce, Poachimpa",,,,,,
345,TRUE,"Baout, Poachimpa",,ClydeCreator,,,,,"Miraaaaaah, Flonflon",,,,,,
346,TRUE,"Baout, Lutti",,Khalen,,,,,"Tsuna, Mathy",,,,,,
347,TRUE,"Lutti, ClydeCreator",,Tsuna,,,,,"Mathy, Poachimpa",,,,,,
348,TRUE,"ClydeCreator, Flonflon",,Monodie,,,,,"Arkantors, Anaee",,,,,,
349,TRUE,"Baout, Craco",,Monodie,,,,,"ClydeCreator, Flonflon",,,,,,
350,TRUE,"ClydeCreator, Heimdalle",,Anaee,,,,,"Ponce, Kyria",,,,,,
351,TRUE,"Monodie, ClydeCreator",,Noamouille,,,,,"Heimdalle, Reivil",,,,,,
352,TRUE,"Anaee, Noamouille",,Kao,,,,,"Khalen, ClydeCreator",,,,,,
353,TRUE,"Arkantors, Anaee",,Cyldhur,,,,,"Monodie, ClydeCreator",,,,,,
354,TRUE,"Monodie, Anaee",,Kao,,,,,"Miraaaaaah, Noamouille",,,,,,
355,TRUE,"Khalen, Noamouille",,Ponce,,,,,"Miraaaaaah, Reivil",,,,,,
356,TRUE,"Khalen, Cyldhur",,Miraaaaaah,,,,,"Kao, Poachimpa",,,,,,
357,TRUE,"Miraaaaaah, Cyldhur",,Anaee,,,,,"Kyria, Noamouille",,,,,,
358,TRUE,"Miraaaaaah, Baout",Kyria,Poachimpa,,,,,,,,,,,
359,TRUE,"Anaee, Miraaaaaah",Baout,Arkantors,,,,,,,,,,,
360,TRUE,"BoccA, Baout",,Khalen,,,,,"Ponce, Anaee",,,,,,
361,TRUE,"Bytell, Miraaaaaah",,Fukano,,,,,"Mathy, Baout",,,,,,
362,TRUE,"Kao, Baout",,ClydeCreator,,,,,"Ponce, Bytell",,,,,,
363,TRUE,"Lutti, Monodie",,Miraaaaaah,,,,,"Mathy, Kao",,,,,,
364,TRUE,"Khalen, ClydeCreator",,BoccA,,,,,"Mathy, Arkantors",,,,,,
365,TRUE,"Bytell, Arkantors",,Khalen,,,,,"Mathy, Tsuna",,,,,,
366,TRUE,"Monodie, Baout",,ClydeCreator,,,,,"Miraaaaaah, Tsuna",,,,,Miraaaaaah devenue LOUP avec la réanimation par nécromancien,Rôle amoureux qui a disparu à cause de la réanimation d'un amoureux en LOUP
367,TRUE,"Fukano, Kao",,Khalen,,,,,"ClydeCreator, Arkantors",,,,,,
368,TRUE,"Tsuna, Bytell",,Arkantors,,,,,"Ponce, Fukano",,,,,,
369,TRUE,"BoccA, Arkantors",,Khalen,,,,,"Mathy, Anaee",,,,,,
370,TRUE,"Miraaaaaah, Mathy",,ClydeCreator,,,,,"Ponce, Tsuna",,,,,,
371,TRUE,"Khalen, Mathy",,Zarcross,,,,,"Bytell, BoccA",,,,,,
372,TRUE,"BoccA, Fukano",,ClydeCreator,,,,,"Noamouille, Lutti",,,,,,
373,TRUE,"Ponce, Lutti",,Fukano,,,,,"Mathy, Noamouille",,,,,,
374,TRUE,"Tsuna, Heimdalle",,Zarcross,,,,,"Mathy, Bytell",,,,,,
375,TRUE,"Tsuna, ClydeCreator",,Khalen,,,,,"Ponce, Zarcross",,,,,,
376,TRUE,"Khalen, Fukano",,Baout,,,,,"Noamouille, Lutti",,,,,,
377,TRUE,"Zarcross, Baout",,BoccA,,,,,"Mathy, Noamouille",,,,,,
378,TRUE,"Khalen, Miraaaaaah",Tsuna,Baout,,,,,,,,,,,
379,TRUE,"Noamouille, Zarcross",Ponce,Miraaaaaah,,,,,,,,,,,
380,TRUE,"Khalen, Tsuna",Ponce,Zarcross,,,,,,,,,,,
381,TRUE,"Fukano, Mathy",,Ponce,,,,,"ClydeCreator, Lutti",,,,,,
382,TRUE,"Ponce, Anaee",,Monodie,,,,,"Fukano, Lutti",,,,,,
383,TRUE,"Arkantors, Brybry",,Mathy,,,,,"Monodie, Lutti",,,,,,
384,TRUE,"Bytell, Shaunz",,Lutti,,,,,"Fukano, Zarcross",,,,,,
385,TRUE,"Ponce, Fukano, Mathy",,,Noamouille,,Tsuna,,,,,,,,
386,TRUE,"Lutti, Anaee",,,Baout,,Mathy,,,,,,,,
387,TRUE,"Baout, Brybry",,Lutti,,,,,"Mathy, ClydeCreator",,,,,,
388,TRUE,"Mathy, Bytell",,Monodie,,,,,"Lutti, Anaee",,,,,,
389,TRUE,"Tsuna, Brybry",,Monodie,,,,,"ClydeCreator, Anaee",,,,,,
390,TRUE,"Arkantors, Brybry",,Baout,,,,,"Ponce, Anaee",,,,,,
391,TRUE,"Aayley, Lutti",,Brybry,,,,,"Ponce, Fukano",,,,,,
392,TRUE,"Aayley, Kao",,Brybry,,,,,"DevGirl_, Kyria",,,,,,
393,TRUE,"Kao, DevGirl_",,Bytell,,,,,"CHLOE, Aayley",,,,,,
394,TRUE,"Ponce, Brybry",,Arkantors,,,,,"Shaunz, Flonflon",,,,,,
395,TRUE,"Aayley, Bytell",,CHLOE,,,,,"Flonflon, Tsuna",,,,,,
396,TRUE,"Arkantors, Fukano",,RomainJacques,,,,,"CHLOE, Aayley",,,,,RomainJacques devenu LOUP avec la réanimation par nécromancien,Rôle idiot du village qui a disparu à cause de la réanimation de l'idiot en LOUP
397,TRUE,"Bytell, Tsuna",,Aayley,,,,,"Ponce, Lutti",,,,,,
398,TRUE,"Fukano, Tsuna",,Ponce,,,,,"Monodie, Bytell",,,,,,
399,TRUE,"Mathy, Lutti",,Bytell,,,,,"CHLOE, Zarcross",,,,,,
400,TRUE,"Kao, ClydeCreator",,Ponce,,,,,"Flonflon, Tsuna",,,,,,
401,TRUE,"Ponce, Fukano",,CHLOE,,,,,"Monodie, Lutti",,,,,,
402,TRUE,"Zarcross, Tsuna",,Monodie,,,,,"Flonflon, ClydeCreator",,,,,,
403,TRUE,"Ponce, CHLOE",,Lutti,,,,,"Tsuna, Mathy",,,,,,
404,TRUE,"Ponce, Craco",,Yoona,,,,,"Mathy, ClydeCreator",,,,,,
405,TRUE,"Bytell, ClydeCreator",,Craco,,,,,"Fukano, CHLOE",,,,,,
406,TRUE,"Yoona, Flonflon",,ClydeCreator,,,,,"Bytell, Mathy",,,,,,
407,TRUE,"Fukano, ClydeCreator",,Lutti,,,,,,,,,,,
408,TRUE,"Brybry, Craco",,Tsuna,,,,,,,,,,,
409,TRUE,"Arkantors, Baout",,BoccA,,,,,"Zarcross, Flonflon",,,,,DevGirl_ devenu LOUP avec la réanimation par nécromancien,
410,TRUE,"Monodie, Mathy",,Tsuna,,,,,"Anaee, BoccA",,,,,,
411,TRUE,"RomainJacques, DevGirl_",,Mathy,,,,,"Arkantors, CHLOE",,,,,,
412,TRUE,"Arkantors, BoccA",,Zarcross,,,,,"Flonflon, Tsuna",,,,,,
413,TRUE,"Arkantors, Flonflon",,Monodie,,,,,"Baout, BoccA",,,,,Ponce devenu LOUP avec la réanimation par nécromancien,
414,TRUE,"Anaee, RomainJacques",,BoccA,,,,,"Baout, Lutti",,,,,,
415,TRUE,"BoccA, DevGirl_",,Bytell,,,,,"Ponce, Lutti",,,,,,
416,TRUE,"Mathy, Zarcross",,ClydeCreator,,,,,"Bytell, DevGirl_",,,,,,
417,TRUE,"Yoona, RomainJacques",,Khalen,,,,,"Bytell, Flonflon",,,,,,
418,TRUE,"Bytell, Arkantors",,Flonflon,,,,,"Kyria, Lutti",,,,,,
419,TRUE,"Flonflon, Arkantors",,RomainJacques,,,,,"Fukano, Monodie",,,,,,
420,TRUE,"Ponce, Flonflon",,Lutti,,,,,"Brybry, RomainJacques",,,,,,
421,TRUE,"Yoona, Flonflon",,Ponce,,,,,"Monodie, Arkantors",,,,,,
422,TRUE,"Khalen, Bytell",,Ponce,,,,,"Yoona, Monodie",,,,,,
423,TRUE,"Yoona, Tsuna",,RomainJacques,,,,,"Bytell, Monodie",,,,,,
424,TRUE,"Kyria, Bytell",,Brybry,,,,,"Yoona, Fukano",,,,,RomainJacques devenu LOUP avec la réanimation par nécromancien,
425,TRUE,"Tone, Mathy",,Lutti,,,,,"Kao, Anaee",,,,,,
426,TRUE,"Lutti, Arkantors",,Tsuna,,,,,"Kao, Mathy",,,,,,
427,TRUE,"Kao, Tone",,Mathy,,,,,"Flonflon, Mickalow",,,,,,
428,TRUE,"Mickalow, Lutti",,Monodie,,,,,"Miraaaaaah, RomainJacques",,,,,,
429,TRUE,"Khalen, Mathy",,Lutti,,,,,"Arkantors, Mickalow",,,,,,
430,TRUE,"Ponce, Flonflon",,Miraaaaaah,,,,,"Tone, Mathy",,,,,,
431,TRUE,"Tone, Mickalow",,Arkantors,,,,,"Monodie, Bytell",,,,,,
432,TRUE,"Anaee, Tsuna",,Arkantors,,,,,"Monodie, Tone",,,,,,
433,TRUE,"Anaee, Lutti",,Monodie,,,,,"Ponce, Flonflon",,,,,,
434,TRUE,"Mathy, RomainJacques",,Tone,,,,,"Bytell, Flonflon",,,,,,
435,TRUE,Khalen,,,,,,,"Arkantors, Monodie",,,Ponce,,Monodie devenu ZOMBIE avec la réanimation par Vaudou,Rôle amoureux qui a disparu à cause de la réanimation d'un amoureux en ZOMBIE
436,TRUE,"Ponce, Kyria",Bytell,Flonflon,,,,,,,,RomainJacques,,,
437,TRUE,"Ponce, Brybry",Bytell,Monodie,,,,,,,,ClydeCreator,,Monodie devenu LOUP avec la réanimation par nécromancien,
438,TRUE,"Khalen, Bytell",Flonflon,Mathy,,,,,,,,Arkantors,,,
439,TRUE,"Monodie, Flonflon",Fukano,Arkantors,,,,,,,,Mathy,,,
440,TRUE,"RomainJacques, Fukano",,Brybry,,,,,,,,Monodie,,,
441,TRUE,"Monodie, Fukano, Craco",,Arkantors,,,Kyria,Baout,,,,,,,
442,TRUE,"Mathy, ClydeCreator, Kyria",,,,"Khalen, Fukano",,Arkantors,,,,Kissiffrote,,,
443,TRUE,"Kyria, Craco, Fukano",,,,"Bytell, ClydeCreator",,,,Arkantors,,,,,
444,TRUE,"Tone, Anaee",,,,,,Flonflon,,,,CHLOE,,,
445,TRUE,"DevGirl_, Arkantors, Tsuna",,,,"Tone, Pelerine",,,,,,Anaee,,,
446,TRUE,"Khalen, RomainJacques, Bytell",,,,,,Kao,,,Flonflon,,,,
447,TRUE,"DevGirl_, Tone, Arkantors",,,,,,RomainJacques,,,,Monodie,,,
448,TRUE,"Bytell, DevGirl_, RomainJacques",,,,,Fukano,Tsuna,,,,,,,
449,TRUE,"Fukano, RomainJacques, Pelerine",,Tone,,"Flonflon, CHLOE",,,,,,,,,
450,TRUE,"Ponce, Kao, Bytell",,,,"DevGirl_, Pelerine",,,,,Tone,,,Khalen devenu LOUP avec la réanimation par nécromancien,
451,TRUE,"Tone, RomainJacques, Flonflon",,,,"Monodie, Arkantors",,,,,,Bytell,,,
452,TRUE,"Anaee, DevGirl_",,,,"Arkantors, Flonflon",,Tone,,,Tsuna,,,Monodie devenu LOUP avec la réanimation par nécromancien,
453,TRUE,"Anaee, Monodie",,RomainJacques,,,,Fukano,,,,DevGirl_,,Pelerine devenu LOUP avec la réanimation par nécromancien,
454,TRUE,"Bytell, Pelerine",,,,,Monodie,,,,Anaee,,,Fukano devenu LOUP avec la réanimation par nécromancien,
455,TRUE,"Khalen, Pelerine",,,,,Arkantors,,,,,DevGirl_,,,
456,TRUE,"Fukano, Monodie",,Tone,,,,Anaee,,,,,,,
457,TRUE,"DevGirl_, Tsuna",,,,,Bytell,,,Arkantors,,,,Flonflon devenu LOUP avec la réanimation par nécromancien,
458,TRUE,"MaMaPaprika, Kyria",,,,,PeoBran,,,,Lutti,,,,
459,TRUE,"Tone, Mathy",,,,,Fukano,,,Lutti,,,,,
460,TRUE,"Lutti, ClydeCreator, Kyria",,,,,,Tsuna,,,,Monodie,,,
461,TRUE,"Tone, MaMaPaprika, Mathy",,,,,,,,,ClydeCreator,Khalen,,,
462,TRUE,"Khalen, ClydeCreator, PeoBran",,Tsuna,,,,,,,Tone,,,,
463,TRUE,"Ponce, Lutti, Mathy",,,,,Tsuna,Kao,,,,,,,
464,TRUE,"Tone, Mathy, Tsuna",,,,"Kao, Craco",,,,,Lutti,,,,
465,TRUE,"Fukano, Kyria",Tone,,,,,,,,Craco,ClydeCreator,,,
466,TRUE,"Khalen, Mathy",Fukano,,,,,Tsuna,,Tone,,,,,
467,TRUE,"Ponce, Mathy",Tsuna,Bytell,,,,Lutti,,,,,,,
468,TRUE,"Lutti, Khalen",Wingo,,,"Tsuna, Bytell",,,,MaMaPaprika,,,,,
469,TRUE,"Khalen, MaMaPaprika",Lutti,,,,,Tsuna,,,Bytell,,,,
470,TRUE,"Lutti, RomainJacques",Ponce,Monodie,,"Baout, Tsuna",,,,,,,,,
471,TRUE,"Bytell, Tsuna",Kyria,Wingo,,,,,,,,Baout,,,
472,TRUE,"Khalen, RomainJacques",CHLOE,,,,Tsuna,,,,,Baout,,,
473,TRUE,"Tone, Flonflon",Kyria,,,,Tsuna,,,,,Lutti,,,
474,TRUE,"Monodie, Baout",CHLOE,,,"Khalen, Tsuna",Wingo,,,,,,,,
475,TRUE,"Mathy, Baout",Lutti,Tone,,,,,,,Khalen,,,,
476,TRUE,"Ponce, RomainJacques",Baout,Bytell,,,,,,,Tone,,,,
477,TRUE,"Khalen, Baout",,,,,,,,,,Monodie,,Kyria devenu LOUP avec la réanimation par nécromancien,
478,TRUE,"MaMaPaprika, Tsuna",,,,"Tone, Mathy",,,,Baout,,,,,
479,TRUE,"Arkantors, Flonflon, Craco",,,,"Bytell, Khalen",,,,,,Tsuna,,,
480,TRUE,"Craco, Anaee, Mathy",,Baout,,,Kao,,,,,,,,
481,TRUE,"Anaee, Pelerine, Zarcross",,,,,Bytell,,,Craco,,,,,
482,TRUE,"CHLOE, Baout, Flonflon",,,,"Ponce, Kao",,,,Bytell,,,,,
483,TRUE,"Ponce, Khalen, CHLOE",,,,"Bytell, Mathy",,,,,Craco,,,,
484,TRUE,"Tone, Baout",,,,,Bytell,,"Ponce, Arkantors",,,,,,
485,TRUE,"Tone, CHLOE",Mathy,,,"Arkantors, Anaee",,,,,,Bytell,,,
486,TRUE,"Craco, Flonflon",Khalen,,,"Mathy, Pelerine",,,,,,CHLOE,,,
487,TRUE,"Khalen, Craco",,Arkantors,,,,,,,Mathy,,,,
488,TRUE,"Khalen, Craco",,,,,,,,,,Flonflon,,,
489,TRUE,"Tone, Bytell",,,,,,,,Mathy,,,,,
490,TRUE,"Arkantors, Flonflon",,,,,,,,,,Tone,,,